-- FC Barcelona
INSERT INTO teams (id, name, short_name, logo_url) VALUES
('10000000-0000-0000-0000-000000000001', 'FC Barcelona', 'BAR', '/logos/barcelona.png'),
('10000000-0000-0000-0000-000000000002', 'Real Madrid', 'RMA', '/logos/real-madrid.png'),
('10000000-0000-0000-0000-000000000003', 'Bayern Munich', 'BAY', '/logos/bayern.png'),
('10000000-0000-0000-0000-000000000004', 'Manchester City', 'MCI', '/logos/man-city.png'),
('10000000-0000-0000-0000-000000000005', 'Liverpool FC', 'LIV', '/logos/liverpool.png'),
('10000000-0000-0000-0000-000000000006', 'Paris Saint-Germain', 'PSG', '/logos/psg.png'),
('10000000-0000-0000-0000-000000000007', 'Juventus', 'JUV', '/logos/juventus.png'),
('10000000-0000-0000-0000-000000000008', 'AC Milan', 'ACM', '/logos/ac-milan.png');

-- FC Barcelona players
INSERT INTO players (id, name, number, position, team_id) VALUES
('20000000-0000-0000-0001-000000000001', 'ter Stegen', 1, 'GK', '10000000-0000-0000-0000-000000000001'),
('20000000-0000-0000-0001-000000000002', 'Kounde', 23, 'DEF', '10000000-0000-0000-0000-000000000001'),
('20000000-0000-0000-0001-000000000003', 'Araujo', 4, 'DEF', '10000000-0000-0000-0000-000000000001'),
('20000000-0000-0000-0001-000000000004', 'Balde', 3, 'DEF', '10000000-0000-0000-0000-000000000001'),
('20000000-0000-0000-0001-000000000005', 'Christensen', 15, 'DEF', '10000000-0000-0000-0000-000000000001'),
('20000000-0000-0000-0001-000000000006', 'Pedri', 8, 'MID', '10000000-0000-0000-0000-000000000001'),
('20000000-0000-0000-0001-000000000007', 'Gavi', 6, 'MID', '10000000-0000-0000-0000-000000000001'),
('20000000-0000-0000-0001-000000000008', 'de Jong', 21, 'MID', '10000000-0000-0000-0000-000000000001'),
('20000000-0000-0000-0001-000000000009', 'Olmo', 20, 'MID', '10000000-0000-0000-0000-000000000001'),
('20000000-0000-0000-0001-000000000010', 'Raphinha', 11, 'FWD', '10000000-0000-0000-0000-000000000001'),
('20000000-0000-0000-0001-000000000011', 'Lewandowski', 9, 'FWD', '10000000-0000-0000-0000-000000000001'),
('20000000-0000-0000-0001-000000000012', 'Yamal', 19, 'FWD', '10000000-0000-0000-0000-000000000001'),
('20000000-0000-0000-0001-000000000013', 'Ferran Torres', 7, 'FWD', '10000000-0000-0000-0000-000000000001'),
('20000000-0000-0000-0001-000000000014', 'Inigo Martinez', 5, 'DEF', '10000000-0000-0000-0000-000000000001'),
('20000000-0000-0000-0001-000000000015', 'Sergi Roberto', 20, 'MID', '10000000-0000-0000-0000-000000000001');

-- Real Madrid players
INSERT INTO players (id, name, number, position, team_id) VALUES
('20000000-0000-0000-0002-000000000001', 'Courtois', 1, 'GK', '10000000-0000-0000-0000-000000000002'),
('20000000-0000-0000-0002-000000000002', 'Carvajal', 2, 'DEF', '10000000-0000-0000-0000-000000000002'),
('20000000-0000-0000-0002-000000000003', 'Militao', 3, 'DEF', '10000000-0000-0000-0000-000000000002'),
('20000000-0000-0000-0002-000000000004', 'Rudiger', 22, 'DEF', '10000000-0000-0000-0000-000000000002'),
('20000000-0000-0000-0002-000000000005', 'Mendy', 23, 'DEF', '10000000-0000-0000-0000-000000000002'),
('20000000-0000-0000-0002-000000000006', 'Modric', 10, 'MID', '10000000-0000-0000-0000-000000000002'),
('20000000-0000-0000-0002-000000000007', 'Kroos', 8, 'MID', '10000000-0000-0000-0000-000000000002'),
('20000000-0000-0000-0002-000000000008', 'Valverde', 15, 'MID', '10000000-0000-0000-0000-000000000002'),
('20000000-0000-0000-0002-000000000009', 'Bellingham', 5, 'MID', '10000000-0000-0000-0000-000000000002'),
('20000000-0000-0000-0002-000000000010', 'Vinicius Jr', 7, 'FWD', '10000000-0000-0000-0000-000000000002'),
('20000000-0000-0000-0002-000000000011', 'Rodrygo', 11, 'FWD', '10000000-0000-0000-0000-000000000002'),
('20000000-0000-0000-0002-000000000012', 'Mbappe', 9, 'FWD', '10000000-0000-0000-0000-000000000002'),
('20000000-0000-0000-0002-000000000013', 'Camavinga', 12, 'MID', '10000000-0000-0000-0000-000000000002'),
('20000000-0000-0000-0002-000000000014', 'Tchouameni', 18, 'MID', '10000000-0000-0000-0000-000000000002'),
('20000000-0000-0000-0002-000000000015', 'Nacho', 6, 'DEF', '10000000-0000-0000-0000-000000000002');

-- Bayern Munich players
INSERT INTO players (id, name, number, position, team_id) VALUES
('20000000-0000-0000-0003-000000000001', 'Neuer', 1, 'GK', '10000000-0000-0000-0000-000000000003'),
('20000000-0000-0000-0003-000000000002', 'Kimmich', 6, 'DEF', '10000000-0000-0000-0000-000000000003'),
('20000000-0000-0000-0003-000000000003', 'Upamecano', 2, 'DEF', '10000000-0000-0000-0000-000000000003'),
('20000000-0000-0000-0003-000000000004', 'Kim Min-jae', 3, 'DEF', '10000000-0000-0000-0000-000000000003'),
('20000000-0000-0000-0003-000000000005', 'Davies', 19, 'DEF', '10000000-0000-0000-0000-000000000003'),
('20000000-0000-0000-0003-000000000006', 'Goretzka', 8, 'MID', '10000000-0000-0000-0000-000000000003'),
('20000000-0000-0000-0003-000000000007', 'Muller', 25, 'MID', '10000000-0000-0000-0000-000000000003'),
('20000000-0000-0000-0003-000000000008', 'Musiala', 42, 'MID', '10000000-0000-0000-0000-000000000003'),
('20000000-0000-0000-0003-000000000009', 'Sane', 10, 'FWD', '10000000-0000-0000-0000-000000000003'),
('20000000-0000-0000-0003-000000000010', 'Gnabry', 7, 'FWD', '10000000-0000-0000-0000-000000000003'),
('20000000-0000-0000-0003-000000000011', 'Kane', 9, 'FWD', '10000000-0000-0000-0000-000000000003'),
('20000000-0000-0000-0003-000000000012', 'Coman', 11, 'FWD', '10000000-0000-0000-0000-000000000003'),
('20000000-0000-0000-0003-000000000013', 'Laimer', 27, 'MID', '10000000-0000-0000-0000-000000000003'),
('20000000-0000-0000-0003-000000000014', 'de Ligt', 4, 'DEF', '10000000-0000-0000-0000-000000000003'),
('20000000-0000-0000-0003-000000000015', 'Mazraoui', 40, 'DEF', '10000000-0000-0000-0000-000000000003');

-- Manchester City players
INSERT INTO players (id, name, number, position, team_id) VALUES
('20000000-0000-0000-0004-000000000001', 'Ederson', 31, 'GK', '10000000-0000-0000-0000-000000000004'),
('20000000-0000-0000-0004-000000000002', 'Walker', 2, 'DEF', '10000000-0000-0000-0000-000000000004'),
('20000000-0000-0000-0004-000000000003', 'Dias', 3, 'DEF', '10000000-0000-0000-0000-000000000004'),
('20000000-0000-0000-0004-000000000004', 'Stones', 5, 'DEF', '10000000-0000-0000-0000-000000000004'),
('20000000-0000-0000-0004-000000000005', 'Akanji', 25, 'DEF', '10000000-0000-0000-0000-000000000004'),
('20000000-0000-0000-0004-000000000006', 'Rodri', 16, 'MID', '10000000-0000-0000-0000-000000000004'),
('20000000-0000-0000-0004-000000000007', 'De Bruyne', 17, 'MID', '10000000-0000-0000-0000-000000000004'),
('20000000-0000-0000-0004-000000000008', 'Bernardo Silva', 20, 'MID', '10000000-0000-0000-0000-000000000004'),
('20000000-0000-0000-0004-000000000009', 'Foden', 47, 'MID', '10000000-0000-0000-0000-000000000004'),
('20000000-0000-0000-0004-000000000010', 'Grealish', 10, 'FWD', '10000000-0000-0000-0000-000000000004'),
('20000000-0000-0000-0004-000000000011', 'Haaland', 9, 'FWD', '10000000-0000-0000-0000-000000000004'),
('20000000-0000-0000-0004-000000000012', 'Doku', 11, 'FWD', '10000000-0000-0000-0000-000000000004'),
('20000000-0000-0000-0004-000000000013', 'Kovacic', 8, 'MID', '10000000-0000-0000-0000-000000000004'),
('20000000-0000-0000-0004-000000000014', 'Gvardiol', 24, 'DEF', '10000000-0000-0000-0000-000000000004'),
('20000000-0000-0000-0004-000000000015', 'Alvarez', 19, 'FWD', '10000000-0000-0000-0000-000000000004');

-- Liverpool FC players
INSERT INTO players (id, name, number, position, team_id) VALUES
('20000000-0000-0000-0005-000000000001', 'Alisson', 1, 'GK', '10000000-0000-0000-0000-000000000005'),
('20000000-0000-0000-0005-000000000002', 'Alexander-Arnold', 66, 'DEF', '10000000-0000-0000-0000-000000000005'),
('20000000-0000-0000-0005-000000000003', 'Van Dijk', 4, 'DEF', '10000000-0000-0000-0000-000000000005'),
('20000000-0000-0000-0005-000000000004', 'Konate', 5, 'DEF', '10000000-0000-0000-0000-000000000005'),
('20000000-0000-0000-0005-000000000005', 'Robertson', 26, 'DEF', '10000000-0000-0000-0000-000000000005'),
('20000000-0000-0000-0005-000000000006', 'Mac Allister', 10, 'MID', '10000000-0000-0000-0000-000000000005'),
('20000000-0000-0000-0005-000000000007', 'Szoboszlai', 8, 'MID', '10000000-0000-0000-0000-000000000005'),
('20000000-0000-0000-0005-000000000008', 'Gravenberch', 38, 'MID', '10000000-0000-0000-0000-000000000005'),
('20000000-0000-0000-0005-000000000009', 'Salah', 11, 'FWD', '10000000-0000-0000-0000-000000000005'),
('20000000-0000-0000-0005-000000000010', 'Nunez', 9, 'FWD', '10000000-0000-0000-0000-000000000005'),
('20000000-0000-0000-0005-000000000011', 'Diaz', 7, 'FWD', '10000000-0000-0000-0000-000000000005'),
('20000000-0000-0000-0005-000000000012', 'Gakpo', 18, 'FWD', '10000000-0000-0000-0000-000000000005'),
('20000000-0000-0000-0005-000000000013', 'Jones', 17, 'MID', '10000000-0000-0000-0000-000000000005'),
('20000000-0000-0000-0005-000000000014', 'Endo', 3, 'MID', '10000000-0000-0000-0000-000000000005'),
('20000000-0000-0000-0005-000000000015', 'Tsimikas', 21, 'DEF', '10000000-0000-0000-0000-000000000005');

-- Paris Saint-Germain players
INSERT INTO players (id, name, number, position, team_id) VALUES
('20000000-0000-0000-0006-000000000001', 'Donnarumma', 99, 'GK', '10000000-0000-0000-0000-000000000006'),
('20000000-0000-0000-0006-000000000002', 'Hakimi', 2, 'DEF', '10000000-0000-0000-0000-000000000006'),
('20000000-0000-0000-0006-000000000003', 'Marquinhos', 5, 'DEF', '10000000-0000-0000-0000-000000000006'),
('20000000-0000-0000-0006-000000000004', 'Skriniar', 37, 'DEF', '10000000-0000-0000-0000-000000000006'),
('20000000-0000-0000-0006-000000000005', 'Hernandez', 21, 'DEF', '10000000-0000-0000-0000-000000000006'),
('20000000-0000-0000-0006-000000000006', 'Vitinha', 17, 'MID', '10000000-0000-0000-0000-000000000006'),
('20000000-0000-0000-0006-000000000007', 'Zaaire-Emery', 33, 'MID', '10000000-0000-0000-0000-000000000006'),
('20000000-0000-0000-0006-000000000008', 'Ruiz', 8, 'MID', '10000000-0000-0000-0000-000000000006'),
('20000000-0000-0000-0006-000000000009', 'Dembele', 10, 'FWD', '10000000-0000-0000-0000-000000000006'),
('20000000-0000-0000-0006-000000000010', 'Barcola', 29, 'FWD', '10000000-0000-0000-0000-000000000006'),
('20000000-0000-0000-0006-000000000011', 'Kolo Muani', 23, 'FWD', '10000000-0000-0000-0000-000000000006'),
('20000000-0000-0000-0006-000000000012', 'Asensio', 11, 'FWD', '10000000-0000-0000-0000-000000000006'),
('20000000-0000-0000-0006-000000000013', 'Ugarte', 4, 'MID', '10000000-0000-0000-0000-000000000006'),
('20000000-0000-0000-0006-000000000014', 'Beraldo', 31, 'DEF', '10000000-0000-0000-0000-000000000006'),
('20000000-0000-0000-0006-000000000015', 'Lee Kang-in', 19, 'MID', '10000000-0000-0000-0000-000000000006');

-- Juventus players
INSERT INTO players (id, name, number, position, team_id) VALUES
('20000000-0000-0000-0007-000000000001', 'Szczesny', 1, 'GK', '10000000-0000-0000-0000-000000000007'),
('20000000-0000-0000-0007-000000000002', 'Danilo', 6, 'DEF', '10000000-0000-0000-0000-000000000007'),
('20000000-0000-0000-0007-000000000003', 'Bremer', 3, 'DEF', '10000000-0000-0000-0000-000000000007'),
('20000000-0000-0000-0007-000000000004', 'Gatti', 4, 'DEF', '10000000-0000-0000-0000-000000000007'),
('20000000-0000-0000-0007-000000000005', 'Cambiaso', 27, 'DEF', '10000000-0000-0000-0000-000000000007'),
('20000000-0000-0000-0007-000000000006', 'Locatelli', 5, 'MID', '10000000-0000-0000-0000-000000000007'),
('20000000-0000-0000-0007-000000000007', 'Rabiot', 25, 'MID', '10000000-0000-0000-0000-000000000007'),
('20000000-0000-0000-0007-000000000008', 'McKennie', 8, 'MID', '10000000-0000-0000-0000-000000000007'),
('20000000-0000-0000-0007-000000000009', 'Chiesa', 7, 'FWD', '10000000-0000-0000-0000-000000000007'),
('20000000-0000-0000-0007-000000000010', 'Vlahovic', 9, 'FWD', '10000000-0000-0000-0000-000000000007'),
('20000000-0000-0000-0007-000000000011', 'Yildiz', 10, 'FWD', '10000000-0000-0000-0000-000000000007'),
('20000000-0000-0000-0007-000000000012', 'Kostic', 17, 'MID', '10000000-0000-0000-0000-000000000007'),
('20000000-0000-0000-0007-000000000013', 'Fagioli', 21, 'MID', '10000000-0000-0000-0000-000000000007'),
('20000000-0000-0000-0007-000000000014', 'Alex Sandro', 12, 'DEF', '10000000-0000-0000-0000-000000000007'),
('20000000-0000-0000-0007-000000000015', 'Milik', 14, 'FWD', '10000000-0000-0000-0000-000000000007');

-- AC Milan players
INSERT INTO players (id, name, number, position, team_id) VALUES
('20000000-0000-0000-0008-000000000001', 'Maignan', 16, 'GK', '10000000-0000-0000-0000-000000000008'),
('20000000-0000-0000-0008-000000000002', 'Calabria', 2, 'DEF', '10000000-0000-0000-0000-000000000008'),
('20000000-0000-0000-0008-000000000003', 'Tomori', 23, 'DEF', '10000000-0000-0000-0000-000000000008'),
('20000000-0000-0000-0008-000000000004', 'Thiaw', 28, 'DEF', '10000000-0000-0000-0000-000000000008'),
('20000000-0000-0000-0008-000000000005', 'Theo Hernandez', 19, 'DEF', '10000000-0000-0000-0000-000000000008'),
('20000000-0000-0000-0008-000000000006', 'Bennacer', 4, 'MID', '10000000-0000-0000-0000-000000000008'),
('20000000-0000-0000-0008-000000000007', 'Reijnders', 14, 'MID', '10000000-0000-0000-0000-000000000008'),
('20000000-0000-0000-0008-000000000008', 'Loftus-Cheek', 8, 'MID', '10000000-0000-0000-0000-000000000008'),
('20000000-0000-0000-0008-000000000009', 'Pulisic', 11, 'FWD', '10000000-0000-0000-0000-000000000008'),
('20000000-0000-0000-0008-000000000010', 'Giroud', 9, 'FWD', '10000000-0000-0000-0000-000000000008'),
('20000000-0000-0000-0008-000000000011', 'Leao', 10, 'FWD', '10000000-0000-0000-0000-000000000008'),
('20000000-0000-0000-0008-000000000012', 'Chukwueze', 21, 'FWD', '10000000-0000-0000-0000-000000000008'),
('20000000-0000-0000-0008-000000000013', 'Musah', 80, 'MID', '10000000-0000-0000-0000-000000000008'),
('20000000-0000-0000-0008-000000000014', 'Kjaer', 24, 'DEF', '10000000-0000-0000-0000-000000000008'),
('20000000-0000-0000-0008-000000000015', 'Okafor', 17, 'FWD', '10000000-0000-0000-0000-000000000008');

-- Standings
INSERT INTO standings (id, team_id, team_name) VALUES
('30000000-0000-0000-0000-000000000001', '10000000-0000-0000-0000-000000000001', 'FC Barcelona'),
('30000000-0000-0000-0000-000000000002', '10000000-0000-0000-0000-000000000002', 'Real Madrid'),
('30000000-0000-0000-0000-000000000003', '10000000-0000-0000-0000-000000000003', 'Bayern Munich'),
('30000000-0000-0000-0000-000000000004', '10000000-0000-0000-0000-000000000004', 'Manchester City'),
('30000000-0000-0000-0000-000000000005', '10000000-0000-0000-0000-000000000005', 'Liverpool FC'),
('30000000-0000-0000-0000-000000000006', '10000000-0000-0000-0000-000000000006', 'Paris Saint-Germain'),
('30000000-0000-0000-0000-000000000007', '10000000-0000-0000-0000-000000000007', 'Juventus'),
('30000000-0000-0000-0000-000000000008', '10000000-0000-0000-0000-000000000008', 'AC Milan');
